{
    "000009.XSHE": 13.39999961853, 
    "000156.XSHE": 21.190000534058, 
    "000540.XSHE": 7.1100001335144, 
    "000917.XSHE": 17.989999771118, 
    "002129.XSHE": 8.9300003051758, 
    "600170.XSHG": 5.4299998283386, 
    "600783.XSHG": 24.090000152588, 
    "601608.XSHG": 6.0100002288818, 
    "601919.XSHG": 6.1500000953674, 
    "benchmark": "000300.XSHG", 
    "benchmark_last_value": 3264.4858398438, 
    "benchmark_pre_close": 3221.8947753906, 
    "benchmark_timeline": [
        -0.0032869130213342146, 
        -0.0026270601363986845, 
        -0.0028168019397839528, 
        -0.0019703898216323346, 
        -0.0006061280692083448, 
        0.00040570192306832453, 
        0.000588851259635037, 
        0.0009907644086586398, 
        0.0006102199451754053, 
        0.0001325313155666752, 
        0.00011055642618140737, 
        0.00031992407904612996, 
        -0.0005898363408748386, 
        -0.0010155429907866553, 
        -0.0015678704687640543, 
        -0.0018866579155935037, 
        -0.001740714340002003, 
        -0.0015130090208513858, 
        -0.0012340037013213179, 
        -0.0012746193589150412, 
        -0.0020616235002879346, 
        -0.0034874149429779955, 
        -0.004494774181861505, 
        -0.00498140431816374, 
        -0.004777416724459638, 
        -0.00416992469658517, 
        -0.003453619078621517, 
        -0.0030610263137176297, 
        -0.0029255397544314388, 
        -0.003008968558547931, 
        -0.003261073582462415, 
        -0.003113917599150584, 
        -0.00271473236742803, 
        -0.001959932805327136, 
        -0.0018289169994031296, 
        -0.0019166650059052603, 
        -0.002264398686302682, 
        -0.002107391890530219, 
        -0.0023525255702310233, 
        -0.0024749029713837523, 
        -0.002704199575649935, 
        -0.0030664063728158553, 
        -0.0029373607294026494, 
        -0.002876437243012231, 
        -0.002401779632626888, 
        -0.001501188045849089, 
        -0.00067000679931839, 
        0.00012351403336929856, 
        0.00010866203917458961, 
        -0.00015890118277928078, 
        -8.183751903201308e-05, 
        -0.00015715834671803375, 
        -0.00025089261622524006, 
        -0.00017375317697398973, 
        -0.00018815051826959195, 
        -3.174992634191742e-05, 
        0.0005815010380259, 
        0.0010573710561005978, 
        0.0007047877449457562, 
        0.0005441437261053395, 
        4.160073886461113e-05, 
        -3.09921715515582e-05, 
        -7.047119692871195e-05, 
        -0.00022831152299529478, 
        -0.00048322023968372374, 
        -0.000585365587512543, 
        -0.0006029454990083005, 
        -0.0007264595323465128, 
        -0.001484744766569901, 
        -0.001933411387106787, 
        -0.002045255996481532, 
        -0.0021207283751132344, 
        -0.0015853746047869155, 
        -0.0016735014887152566, 
        -0.0015799945456576037, 
        -0.0015361963178949223, 
        -0.0012945483103166122, 
        -0.001419880955188968, 
        -0.0014689076911352794, 
        -0.002143915672187857, 
        -0.002408750976840679, 
        -0.0023472970620783684, 
        -0.0023469939601560297, 
        -0.0018343728340052268, 
        -0.0007522231957765024, 
        1.166942402552884e-05, 
        0.0005600565770125243, 
        0.0006730378185728636, 
        0.0007144870064605957, 
        0.0006434853811290164, 
        0.0007591945399902933, 
        0.0016615289627983643, 
        0.0024350450686114744, 
        0.002944256298143655, 
        0.002787628379766316, 
        0.0025041523069051497, 
        0.002154524239469824, 
        0.0023871549648817325, 
        0.003481352904531221, 
        0.0041937939729772555, 
        0.0044186198238811425, 
        0.004492955570358559, 
        0.004234788507997189, 
        0.003884175359321951, 
        0.003971241386506508, 
        0.0052805659155450435, 
        0.0062012380046700954, 
        0.006671727963615481, 
        0.006621488819979815, 
        0.006527148346658906, 
        0.006144330618742755, 
        0.0060884840895594206, 
        0.006308687636124244, 
        0.006314901225516811, 
        0.006116293690910712, 
        0.006035441253118723, 
        0.00610917079575124, 
        0.006897538895759281, 
        0.007852006849209836, 
        0.008644921478052625, 
        0.009405555752150851, 
        0.012223418548678477, 
        0.01184923922556469, 
        0.011353137154165971, 
        0.011053672454893304, 
        0.01122545546938758, 
        0.011469982945212731, 
        0.011638886491460276, 
        0.011363139517603038, 
        0.011231972160702597, 
        0.011009343798727755, 
        0.010867113221677327, 
        0.011286000078351899, 
        0.011740652961862885, 
        0.012716641151799601, 
        0.013189480150650912, 
        0.013347017374795156, 
        0.012874633028811866, 
        0.012167723570440714, 
        0.011862727261093164, 
        0.012235542625572249, 
        0.012204702004966261, 
        0.011864621648100204, 
        0.011459525928907421, 
        0.011183475853127955, 
        0.011895992697077862, 
        0.01237231736802058, 
        0.012611843662173605, 
        0.01305081102119554, 
        0.013115674832576474, 
        0.013100368185482658, 
        0.012879255333150708, 
        0.012444455625537643, 
        0.012230692994814829, 
        0.011968055179122139, 
        0.01175156463106708, 
        0.011523404659017356, 
        0.011454827849095572, 
        0.011480743063471355, 
        0.01174353243014048, 
        0.012298587825418927, 
        0.012615556660714455, 
        0.012439151341912202, 
        0.012589489895393102, 
        0.012838942777479545, 
        0.01360768502800802, 
        0.014613680308256383, 
        0.015106978686881378, 
        0.015228977210607786, 
        0.015235266575504225, 
        0.015079244860971563, 
        0.014924814431523492, 
        0.01472044796039329, 
        0.014162588872340898, 
        0.01402634455823315, 
        0.013823645147691188, 
        0.013738852384908684, 
        0.013420671141923801, 
        0.013005269957371723, 
        0.012744678079631644, 
        0.012587216630960185, 
        0.012828485761143149, 
        0.012899335835498071, 
        0.013034746619311477, 
        0.013155456959875966, 
        0.013217668629428525, 
        0.012886832881209287, 
        0.012611237458328928, 
        0.01233268679166688, 
        0.011932743805153967, 
        0.011746942326759102, 
        0.012454609539951589, 
        0.012599113381435156, 
        0.01283788192073576, 
        0.012640107916424004, 
        0.012829925495282168, 
        0.01288107394468474, 
        0.013366870550692855, 
        0.01383993687599383, 
        0.01403422520821418, 
        0.01427481235907968, 
        0.014350587839664808, 
        0.014361726835318667, 
        0.014289967455196617, 
        0.014313836731588703, 
        0.01462269759045376, 
        0.01497073437277363, 
        0.015141001877656324, 
        0.01517032698861942, 
        0.015188285777541388, 
        0.01516456805212596, 
        0.014852448847588073, 
        0.014321338504174497, 
        0.01319220806795185, 
        0.01239580776701743, 
        0.011920695503733203, 
        0.011724285458056372, 
        0.011819080584276165, 
        0.012152947351749877, 
        0.011772554439181349, 
        0.011203783681924762, 
        0.010858020164006943, 
        0.010737916027287353, 
        0.010991763887232109, 
        0.011363594170471059, 
        0.01176293095317038, 
        0.01195206655271086, 
        0.011844616921225626, 
        0.01185939313994755, 
        0.011820899195810197, 
        0.011965857690161785, 
        0.012248424457256046, 
        0.012457337457252748, 
        0.012490224015811124, 
        0.012641168773136702, 
        0.012684588123535345, 
        0.01270277423887567, 
        0.012864630665405663, 
